Fund Name,P1,P2,P3,P4,P5,Topsis Score,Rank
M1,0.87,0.76,5.1,69.9,19.16,0.8467417467873416,1
M2,0.6,0.36,6.6,35.3,10.72,0.06016438136537379,8
M3,0.83,0.69,5.2,57.8,16.13,0.6699940820580017,2
M4,0.91,0.83,6.1,32.1,9.99,0.42577236034454946,4
M5,0.78,0.61,5.2,43.4,12.5,0.40872781074740255,5
M6,0.73,0.53,4.8,34.2,10.07,0.28395796299225634,7
M7,0.67,0.45,5.5,46.2,13.21,0.32086361518588186,6
M8,0.84,0.71,4.0,39.9,11.36,0.4768551136153854,3
